country,PI
Afghanistan,37.68962097167969
Afghanistan,37.674686431884766
Afghanistan,38.98801803588867
Afghanistan,38.40186309814453
Afghanistan,36.92763900756836
Afghanistan,38.702247619628906
Afghanistan,38.97309875488281
Afghanistan,37.65518569946289
Afghanistan,37.504920959472656
Afghanistan,37.48289489746094
Afghanistan,38.75843048095703
Albania,54.78173065185547
Albania,55.961517333984375
Albania,56.602996826171875
Albania,57.07826614379883
Albania,57.17388153076172
Albania,57.30857849121094
Albania,56.58958053588867
Albania,57.6417236328125
Albania,57.858577728271484
Albania,57.84577941894531
Albania,57.89221954345703
Algeria,51.661190032958984
Algeria,51.31559371948242
Algeria,51.19461441040039
Algeria,51.70365905761719
Algeria,51.105857849121094
Algeria,50.92531204223633
Algeria,51.87553787231445
Algeria,51.914222717285156
Algeria,52.047176361083984
Algeria,52.041770935058594
Algeria,50.822227478027344
Angola,43.8343505859375
Angola,44.50796890258789
Angola,44.48604965209961
Angola,44.82018280029297
Angola,44.342193603515625
Angola,43.10843276977539
Angola,44.26795959472656
Angola,42.86263656616211
Angola,42.831146240234375
Angola,42.830291748046875
Angola,42.209503173828125
Azerbaijan,49.831661224365234
Azerbaijan,51.44322204589844
Azerbaijan,52.144073486328125
Azerbaijan,51.16320037841797
Azerbaijan,51.831417083740234
Azerbaijan,52.07919692993164
Azerbaijan,52.973548889160156
Azerbaijan,52.89594268798828
Azerbaijan,53.341888427734375
Azerbaijan,53.333526611328125
Azerbaijan,53.32863235473633
Argentina,58.441246032714844
Argentina,57.87789535522461
Argentina,59.21761703491211
Argentina,60.6947021484375
Argentina,61.42473602294922
Argentina,60.824981689453125
Argentina,61.35704040527344
Argentina,60.796783447265625
Argentina,61.64710235595703
Argentina,61.648231506347656
Argentina,61.78426742553711
Australia,77.50078582763672
Australia,77.6274185180664
Australia,77.57061004638672
Australia,78.04200744628906
Australia,77.63795471191406
Australia,77.09113311767578
Australia,77.42144012451172
Australia,76.75798034667969
Australia,77.33241271972656
Australia,77.29288482666016
Australia,76.98289489746094
Austria,74.09246826171875
Austria,74.52110290527344
Austria,73.83597564697266
Austria,75.42119598388672
Austria,74.91740417480469
Austria,74.80029296875
Austria,75.01777648925781
Austria,74.37664031982422
Austria,74.9328842163086
Austria,74.90702056884766
Austria,75.2431640625
Bahrain,59.56313705444336
Bahrain,60.06954574584961
Bahrain,59.53486251831055
Bahrain,58.964481353759766
Bahrain,57.7902946472168
Bahrain,57.68215560913086
Bahrain,59.395233154296875
Bahrain,58.61737823486328
Bahrain,58.598941802978516
Bahrain,58.541046142578125
Bahrain,59.613094329833984
Bangladesh,49.13191604614258
Bangladesh,49.2274055480957
Bangladesh,50.137020111083984
Bangladesh,50.952857971191406
Bangladesh,52.19438934326172
Bangladesh,51.52570724487305
Bangladesh,51.85834503173828
Bangladesh,50.212623596191406
Bangladesh,50.8059196472168
Bangladesh,50.78105163574219
Bangladesh,52.17296600341797
Armenia,54.22477340698242
Armenia,53.82744598388672
Armenia,52.71739196777344
Armenia,52.82910919189453
Armenia,52.669036865234375
Armenia,53.97051239013672
Armenia,54.572689056396484
Armenia,54.450653076171875
Armenia,54.203250885009766
Armenia,54.20687484741211
Armenia,54.826541900634766
Belgium,72.95629119873047
Belgium,72.81749725341797
Belgium,72.82530975341797
Belgium,73.2496337890625
Belgium,73.678558349609375
Belgium,72.89408874511719
Belgium,74.2974853515625
Belgium,74.46825408935547
Belgium,74.23174285888672
Belgium,74.19287109375
Belgium,74.23834991455078
Bolivia,53.877376556396484
Bolivia,53.255828857421875
Bolivia,53.75019073486328
Bolivia,53.641510009765625
Bolivia,54.61384963989258
Bolivia,56.21384048461914
Bolivia,55.80753707885742
Bolivia,57.18916320800781
Bolivia,57.47380447387695
Bolivia,57.475074768066406
Bolivia,57.6169319152832
Botswana,59.8494873046875
Botswana,60.05218505859375
Botswana,60.429779052734375
Botswana,60.3573112487793
Botswana,60.33189010620117
Botswana,60.34024429321289
Botswana,60.074920654296875
Botswana,59.856815338134766
Botswana,60.485713958740234
Botswana,60.487064361572266
Botswana,59.55120086669922
Brazil,59.717918395996094
Brazil,60.3663444519043
Brazil,59.97319793701172
Brazil,60.5445556640625
Brazil,61.340423583984375
Brazil,60.7996711730957
Brazil,60.75778579711914
Brazil,60.15269088745117
Brazil,60.618778228759766
Brazil,60.59123229980469
Brazil,60.63568878173828
Belize,57.344215393066406
Belize,57.58406448364258
Belize,57.405113220214844
Belize,57.57075881958008
Belize,57.516300201416016
Belize,57.41944122314453
Belize,57.55570983886719
Belize,57.43394088745117
Belize,57.35157012939453
Belize,57.35382080078125
Belize,57.43564987182617
Bulgaria,58.02204132080078
Bulgaria,58.155426025390625
Bulgaria,58.74448776245117
Bulgaria,59.60957336425781
Bulgaria,59.39518737792969
Bulgaria,60.04835891723633
Bulgaria,59.2501220703125
Bulgaria,59.81427764892578
Bulgaria,60.007659912109375
Bulgaria,60.006988525390625
Bulgaria,61.198036193847656
Burundi,42.91778564453125
Burundi,42.99470520019531
Burundi,45.215354919433594
Burundi,45.7451171875
Burundi,45.89023208618164
Burundi,46.09760284423828
Burundi,46.27717590332031
Burundi,45.31315994262695
Burundi,44.555870056152344
Burundi,44.6486701965332
Burundi,43.75584411621094
Belarus,52.256263732910156
Belarus,52.121063232421875
Belarus,53.54059600830078
Belarus,54.89624786376953
Belarus,54.19981002807617
Belarus,54.4344367980957
Belarus,55.407493591308594
Belarus,54.16117477416992
Belarus,54.45719909667969
Belarus,54.51353454589844
Belarus,55.089290618896484
Cambodia,49.34038543701172
Cambodia,51.95231628417969
Cambodia,53.7965202331543
Cambodia,53.90766906738281
Cambodia,54.73316192626953
Cambodia,54.44643783569336
Cambodia,53.851192474365234
Cambodia,54.262840270996094
Cambodia,55.433040618896484
Cambodia,55.433834075927734
Cambodia,55.27326583862305
Cameroon,46.522377014160156
Cameroon,46.15531921386719
Cameroon,47.01233673095703
Cameroon,48.44537353515625
Cameroon,49.500892639160156
Cameroon,49.72443389892578
Cameroon,49.95263671875
Cameroon,49.35601806640625
Cameroon,48.93916320800781
Cameroon,48.84384536743164
Cameroon,48.195316314697266
Canada,76.93742370605469
Canada,77.05974578857422
Canada,77.1822280883789
Canada,77.57000732421875
Canada,77.486114501953125
Canada,77.5604019165039
Canada,77.43656921386719
Canada,77.50614166259766
Canada,77.4886703491211
Canada,77.46821594238281
Canada,77.03382110595703
Central African Republic,40.58424377441406
Central African Republic,41.07355499267578
Central African Republic,40.38414764404297
Central African Republic,39.25165557861328
Central African Republic,40.168067932128906
Central African Republic,40.09630584716797
Central African Republic,37.627838134765625
Central African Republic,38.08115768432617
Central African Republic,37.97673034667969
Central African Republic,37.92194747924805
Central African Republic,36.87300491333008
Sri Lanka,54.23334503173828
Sri Lanka,55.691246032714844
Sri Lanka,56.40114212036133
Sri Lanka,57.34440231323242
Sri Lanka,57.8980827331543
Sri Lanka,58.86890411376953
Sri Lanka,59.03371810913086
Sri Lanka,58.49394226074219
Sri Lanka,60.34275817871094
Sri Lanka,60.264793395996094
Sri Lanka,60.99582290649414
Chad,34.062355041503906
Chad,36.34895324707031
Chad,35.863067626953125
Chad,36.86961364746094
Chad,39.50168228149414
Chad,39.9420280456543
Chad,38.93076705932617
Chad,39.80107116699219
Chad,39.73686218261719
Chad,39.691402435302734
Chad,39.58934020996094
Chile,63.78645706176758
Chile,63.44498062133789
Chile,64.94902801513672
Chile,65.817626953125
Chile,65.664703369140625
Chile,66.50902557373047
Chile,66.03011322021484
Chile,66.6356430053711
Chile,66.26969146728516
Chile,66.25780487060547
Chile,66.04295349121094
China,54.20384216308594
China,54.481319427490234
China,54.12553787231445
China,55.095298767089844
China,55.02407455444336
China,55.35768508911133
China,55.425376892089844
China,55.589866638183594
China,55.54634094238281
China,55.49192810058594
China,55.833221435546875
Colombia,56.77322006225586
Colombia,56.67240524291992
Colombia,56.59370803833008
Colombia,57.233802795410156
Colombia,57.67387390136719
Colombia,58.15042495727539
Colombia,57.963314056396484
Colombia,58.26295852661133
Colombia,58.0638313293457
Colombia,58.04238510131836
Colombia,58.92634201049805
Comoros,43.10110092163086
Comoros,43.76963806152344
Comoros,44.19697189331055
Comoros,45.96997833251953
Comoros,46.397972106933594
Comoros,46.473350524902344
Comoros,46.7349739074707
Comoros,46.82929992675781
Comoros,47.701419830322266
Comoros,47.70375061035156
Comoros,48.405792236328125
Congo,43.88056564331055
Congo,43.97913360595703
Congo,44.35850524902344
Congo,44.891693115234375
Congo,47.306785583496094
Congo,47.237701416015625
Congo,47.014522552490234
Congo,46.044857025146484
Congo,47.628700256347656
Congo,47.97415542602539
Congo,46.66547393798828
Democratic Republic of Congo,37.94383239746094
Democratic Republic of Congo,37.1554069519043
Democratic Republic of Congo,37.36345672607422
Democratic Republic of Congo,37.394229888916016
Democratic Republic of Congo,37.914588928222656
Democratic Republic of Congo,38.82286071777344
Democratic Republic of Congo,37.64182662963867
Democratic Republic of Congo,38.05015563964844
Democratic Republic of Congo,38.77932357788086
Democratic Republic of Congo,38.74281692504883
Democratic Republic of Congo,40.589698791503906
Costa Rica,65.24956512451172
Costa Rica,64.65796661376953
Costa Rica,65.116058349609375
Costa Rica,65.30297088623047
Costa Rica,64.47019958496094
Costa Rica,65.95352935791016
Costa Rica,66.178924560546875
Costa Rica,66.41887664794922
Costa Rica,66.576080322265625
Costa Rica,66.5767593383789
Costa Rica,66.69466400146484
Croatia,60.19194793701172
Croatia,60.620662689208984
Croatia,60.92814636230469
Croatia,61.455379486083984
Croatia,60.651390075683594
Croatia,60.56438446044922
Croatia,61.11593246459961
Croatia,62.535762786865234
Croatia,63.31983947753906
Croatia,63.31828308105469
Croatia,63.48188781738281
Cyprus,67.04351043701172
Cyprus,67.32771301269531
Cyprus,67.1207504272461
Cyprus,68.92736053466797
Cyprus,68.50293731689453
Cyprus,67.04686737060547
Cyprus,66.91888427734375
Cyprus,65.37946319580078
Cyprus,66.00469970703125
Cyprus,66.00724029541016
Cyprus,66.1733169555664
Czech Republic,65.89335632324219
Czech Republic,66.33740234375
Czech Republic,67.18858337402344
Czech Republic,67.22357940673828
Czech Republic,67.10162353515625
Czech Republic,66.5182876586914
Czech Republic,66.44103240966797
Czech Republic,67.48017883300781
Czech Republic,68.130401611328125
Czech Republic,68.11812591552734
Czech Republic,69.23980712890625
Benin,48.631065368652344
Benin,48.18751907348633
Benin,48.69187545776367
Benin,48.75477981567383
Benin,49.35993957519531
Benin,50.357479095458984
Benin,50.600502014160156
Benin,50.0592041015625
Benin,48.720176696777344
Benin,48.72035598754883
Benin,50.36765670776367
Denmark,76.765777587890625
Denmark,76.79195404052734
Denmark,76.43168640136719
Denmark,77.24808502197266
Denmark,76.95685577392578
Denmark,76.81575012207031
Denmark,76.9407958984375
Denmark,76.73152160644531
Denmark,77.11592102050781
Denmark,77.11566162109375
Denmark,77.0636978149414
Dominican Republic,58.93238830566406
Dominican Republic,58.172420501708984
Dominican Republic,58.332942962646484
Dominican Republic,58.42761993408203
Dominican Republic,58.645286560058594
Dominican Republic,59.210609436035156
Dominican Republic,59.1771354675293
Dominican Republic,59.74687576293945
Dominican Republic,59.13224411010742
Dominican Republic,59.132633209228516
Dominican Republic,60.2251091003418
Ecuador,55.54067611694336
Ecuador,54.75052261352539
Ecuador,55.11347579956055
Ecuador,55.20038986206055
Ecuador,56.573238372802734
Ecuador,57.59794235229492
Ecuador,58.77171325683594
Ecuador,59.291099548339844
Ecuador,59.44939041137695
Ecuador,59.4504508972168
Ecuador,58.332374572753906
El Salvador,55.343692779541016
El Salvador,55.14358139038086
El Salvador,55.43873977661133
El Salvador,55.21040725708008
El Salvador,55.28813934326172
El Salvador,56.289222717285156
El Salvador,56.45438003540039
El Salvador,56.59006118774414
El Salvador,57.175106048583984
El Salvador,57.17778015136719
El Salvador,55.46647644042969
Ethiopia,45.991539001464844
Ethiopia,47.197269439697266
Ethiopia,46.621055603027344
Ethiopia,46.74552536010742
Ethiopia,46.815086364746094
Ethiopia,47.142333984375
Ethiopia,47.0983772277832
Ethiopia,46.75015640258789
Ethiopia,47.47669982910156
Ethiopia,47.44997787475586
Ethiopia,46.80442428588867
Estonia,65.02033233642578
Estonia,65.463897705078125
Estonia,64.86980438232422
Estonia,65.29068756103516
Estonia,66.72889709472656
Estonia,66.17109680175781
Estonia,66.8536148071289
Estonia,68.33892059326172
Estonia,68.28850555419922
Estonia,68.301239013671875
Estonia,69.16145324707031
Finland,76.848052978515625
Finland,76.7325439453125
Finland,76.68406677246094
Finland,76.8565444946289
Finland,77.37384796142578
Finland,77.4442138671875
Finland,77.29522705078125
Finland,77.54106140136719
Finland,78.28740692138672
Finland,78.283416748046875
Finland,78.4643783569336
France,71.69910430908203
France,71.857666015625
France,71.13484191894531
France,72.62235260009766
France,72.74024963378906
France,71.90595245361328
France,72.48636627197266
France,72.4083251953125
France,72.75109100341797
France,72.7349624633789
France,72.00504302978516
Djibouti,51.85344696044922
Djibouti,51.90549087524414
Djibouti,52.794105529785156
Djibouti,52.687320709228516
Djibouti,51.24612808227539
Djibouti,50.9658203125
Djibouti,51.719024658203125
Djibouti,51.834598541259766
Djibouti,51.88869094848633
Djibouti,51.84781265258789
Djibouti,52.33176803588867
Gabon,47.90381622314453
Gabon,48.01005172729492
Gabon,47.668399810791016
Gabon,48.02189636230469
Gabon,49.64488983154297
Gabon,48.664695739746094
Gabon,49.823238372802734
Gabon,48.90074157714844
Gabon,49.3592529296875
Gabon,49.36869430541992
Gabon,49.16263198852539
Georgia,51.92499542236328
Georgia,53.15024948120117
Georgia,53.88823318481445
Georgia,55.407283782958984
Georgia,56.29616928100586
Georgia,56.89558792114258
Georgia,57.835113525390625
Georgia,57.527103424072266
Georgia,56.819400787353516
Georgia,56.837066650390625
Georgia,56.93231201171875
Germany,74.15862274169922
Germany,74.4272689819336
Germany,74.6989974975586
Germany,75.41184997558594
Germany,75.58843231201172
Germany,75.70054626464844
Germany,75.69731140136719
Germany,76.31715393066406
Germany,76.53851318359375
Germany,76.56317138671875
Germany,76.4068832397461
Ghana,56.604095458984375
Ghana,56.080787658691406
Ghana,55.15611267089844
Ghana,56.64281463623047
Ghana,56.422943115234375
Ghana,56.71770095825195
Ghana,56.78037643432617
Ghana,55.43299865722656
Ghana,56.45344924926758
Ghana,56.35860824584961
Ghana,56.609771728515625
Greece,62.920169830322266
Greece,63.51768112182617
Greece,62.67673110961914
Greece,62.01806640625
Greece,60.62166213989258
Greece,59.63506317138672
Greece,59.78331756591797
Greece,61.13295364379883
Greece,62.754547119140625
Greece,62.755638122558594
Greece,61.64073944091797
Guatemala,54.83088302612305
Guatemala,55.969078063964844
Guatemala,55.701107025146484
Guatemala,56.011390686035156
Guatemala,55.713966369628906
Guatemala,56.975746154785156
Guatemala,57.16485595703125
Guatemala,56.93705749511719
Guatemala,56.38874816894531
Guatemala,56.392452239990234
Guatemala,56.64534378051758
Guinea,44.316184997558594
Guinea,44.16822052001953
Guinea,43.80829620361328
Guinea,44.838253021240234
Guinea,45.7910041809082
Guinea,44.435096740722656
Guinea,45.64067840576172
Guinea,45.25963592529297
Guinea,45.52632141113281
Guinea,45.526023864746094
Guinea,45.05876922607422
Guyana,55.98418426513672
Guyana,55.8437614440918
Guyana,56.230709075927734
Guyana,56.46018981933594
Guyana,56.72922134399414
Guyana,57.010379791259766
Guyana,57.22213363647461
Guyana,57.064666748046875
Guyana,57.10734176635742
Guyana,57.322818756103516
Guyana,57.90909194946289
Honduras,56.007686614990234
Honduras,56.20127868652344
Honduras,54.87324142456055
Honduras,54.71826934814453
Honduras,55.6302375793457
Honduras,55.4332160949707
Honduras,54.50697326660156
Honduras,55.346282958984375
Honduras,55.28658676147461
Honduras,55.31452941894531
Honduras,57.29011154174805
Hong Kong,70.55728912353516
Hong Kong,70.32357025146484
Hong Kong,70.5208969116211
Hong Kong,71.24518585205078
Hong Kong,71.487762451171875
Hong Kong,70.54444122314453
Hong Kong,70.22147369384766
Hong Kong,69.69275665283203
Hong Kong,69.73456573486328
Hong Kong,69.728851318359375
Hong Kong,69.82691955566406
Hungary,62.36262130737305
Hungary,62.30008316040039
Hungary,62.54551315307617
Hungary,62.648502349853516
Hungary,62.831302642822266
Hungary,62.40662384033203
Hungary,62.957618713378906
Hungary,62.446266174316406
Hungary,62.3870735168457
Hungary,62.38789367675781
Hungary,62.30470275878906
Iceland,75.28075408935547
Iceland,75.73393249511719
Iceland,75.13971710205078
Iceland,75.707550048828125
Iceland,75.55061340332031
Iceland,75.07716369628906
Iceland,75.73966217041016
Iceland,75.37232208251953
Iceland,75.46876525878906
Iceland,75.46607208251953
Iceland,76.055694580078125
India,51.59621047973633
India,51.34580612182617
India,51.63946533203125
India,51.128177642822266
India,51.6743049621582
India,50.71993637084961
India,52.27531814575195
India,52.211265563964844
India,53.03209686279297
India,53.03304672241211
India,54.38456726074219
Indonesia,55.34001541137695
Indonesia,55.821388244628906
Indonesia,57.54722595214844
Indonesia,57.70608139038086
Indonesia,59.12871170043945
Indonesia,58.17509078979492
Indonesia,58.58643341064453
Indonesia,59.1119384765625
Indonesia,59.32651138305664
Indonesia,59.32744598388672
Indonesia,60.18484878540039
Iran,49.04188919067383
Iran,48.8393669128418
Iran,48.49810028076172
Iran,49.08513641357422
Iran,50.247737884521484
Iran,50.57780075073242
Iran,50.35744857788086
Iran,49.914283752441406
Iran,50.14007568359375
Iran,50.119998931884766
Iran,50.653324127197266
Iraq,38.96927261352539
Iraq,39.64150619506836
Iraq,40.46682357788086
Iraq,40.050621032714844
Iraq,39.007381439208984
Iraq,38.98573303222656
Iraq,40.72481918334961
Iraq,41.240482330322266
Iraq,41.02527618408203
Iraq,40.99140548706055
Iraq,40.598846435546875
Ireland,75.45476531982422
Ireland,75.57186126708984
Ireland,74.29303741455078
Ireland,75.38920593261719
Ireland,75.74705505371094
Ireland,74.51395416259766
Ireland,74.54239654541016
Ireland,74.86993408203125
Ireland,75.5718002319336
Ireland,75.54610443115234
Ireland,76.12188720703125
Israel,63.09744644165039
Israel,63.03125
Israel,63.427066802978516
Israel,63.454078674316406
Israel,64.01016998291016
Israel,63.782020568847656
Israel,64.79230499267578
Israel,63.51506423950195
Israel,63.998104095458984
Israel,63.97991943359375
Israel,65.31732177734375
Italy,67.083160400390625
Italy,65.486602783203125
Italy,66.64855194091797
Italy,66.1203842163086
Italy,66.162017822265625
Italy,66.39038848876953
Italy,65.91252899169922
Italy,65.5659408569336
Italy,65.65108489990234
Italy,65.92423248291016
Italy,66.197662353515625
Ivory Coast,44.13339614868164
Ivory Coast,44.27665710449219
Ivory Coast,44.950504302978516
Ivory Coast,44.61458206176758
Ivory Coast,43.953495025634766
Ivory Coast,46.113956451416016
Ivory Coast,48.56089782714844
Ivory Coast,49.10484313964844
Ivory Coast,49.36153793334961
Ivory Coast,49.39433288574219
Ivory Coast,49.53923034667969
Jamaica,58.5085334777832
Jamaica,58.60558319091797
Jamaica,58.563514709472656
Jamaica,58.64671325683594
Jamaica,58.54111862182617
Jamaica,58.77812957763672
Jamaica,58.892940521240234
Jamaica,60.0271110534668
Jamaica,60.382179260253906
Jamaica,60.373844146728516
Jamaica,60.45699691772461
Japan,69.77278137207031
Japan,69.10213470458984
Japan,69.63523864746094
Japan,69.91685485839844
Japan,70.39202117919922
Japan,69.9533462524414
Japan,70.31710052490234
Japan,70.1440200805664
Japan,70.14195251464844
Japan,70.1393814086914
Japan,70.39720916748047
Kazakhstan,53.220916748046875
Kazakhstan,53.4354362487793
Kazakhstan,53.98619842529297
Kazakhstan,54.34125518798828
Kazakhstan,54.548118591308594
Kazakhstan,55.3992805480957
Kazakhstan,55.10284423828125
Kazakhstan,55.67262649536133
Kazakhstan,57.06574249267578
Kazakhstan,57.13612365722656
Kazakhstan,58.1439208984375
Jordan,55.918025970458984
Jordan,55.13642120361328
Jordan,56.35472106933594
Jordan,55.86764144897461
Jordan,55.334781646728516
Jordan,54.17058181762695
Jordan,55.508140563964844
Jordan,54.66498947143555
Jordan,55.829917907714844
Jordan,55.81900405883789
Jordan,55.27986145019531
Kenya,52.42562484741211
Kenya,50.75819396972656
Kenya,50.075679779052734
Kenya,51.794105529785156
Kenya,52.429752349853516
Kenya,51.81636428833008
Kenya,53.66338348388672
Kenya,53.58247756958008
Kenya,54.67945861816406
Kenya,54.60676574707031
Kenya,54.50461959838867
South Korea,64.20954132080078
South Korea,63.86730194091797
South Korea,64.40595245361328
South Korea,65.57646942138672
South Korea,65.81004333496094
South Korea,65.94908905029297
South Korea,65.64747619628906
South Korea,64.4676742553711
South Korea,65.1194839477539
South Korea,65.14701080322266
South Korea,65.3633041381836
Kuwait,59.477684020996094
Kuwait,59.06175994873047
Kuwait,58.9798469543457
Kuwait,58.27446365356445
Kuwait,59.0533561706543
Kuwait,59.416290283203125
Kuwait,57.49191665649414
Kuwait,57.60356903076172
Kuwait,58.10919189453125
Kuwait,58.103302001953125
Kuwait,57.40700912475586
Kyrgyzstan,52.90633010864258
Kyrgyzstan,53.72231674194336
Kyrgyzstan,53.89459991455078
Kyrgyzstan,53.25922775268555
Kyrgyzstan,54.45061492919922
Kyrgyzstan,54.321563720703125
Kyrgyzstan,54.969581604003906
Kyrgyzstan,56.30294418334961
Kyrgyzstan,57.655643463134766
Kyrgyzstan,57.645809173583984
Kyrgyzstan,57.08198547363281
Laos,51.42021560668945
Laos,52.57407760620117
Laos,52.534996032714844
Laos,52.87571334838867
Laos,53.35360336303711
Laos,52.39488983154297
Laos,53.260501861572266
Laos,53.199195861816406
Laos,53.51895523071289
Laos,53.521583557128906
Laos,53.08951950073242
Lebanon,54.296295166015625
Lebanon,53.29084014892578
Lebanon,54.945289611816406
Lebanon,54.948421478271484
Lebanon,54.56995391845703
Lebanon,53.14963150024414
Lebanon,53.31258773803711
Lebanon,52.95851516723633
Lebanon,53.086181640625
Lebanon,53.00188446044922
Lebanon,53.56861877441406
Lesotho,48.94694137573242
Lesotho,49.496246337890625
Lesotho,49.528079986572266
Lesotho,49.6539192199707
Lesotho,49.578712463378906
Lesotho,50.258304595947266
Lesotho,50.715667724609375
Lesotho,50.85667037963867
Lesotho,50.61843490600586
Lesotho,50.622169494628906
Lesotho,51.71320343017578
Latvia,61.48981475830078
Latvia,61.1783447265625
Latvia,60.42622375488281
Latvia,60.71824645996094
Latvia,61.969329833984375
Latvia,62.35837173461914
Latvia,64.53302001953125
Latvia,64.7647476196289
Latvia,64.7598876953125
Latvia,64.7613754272461
Latvia,65.34651184082031
Liberia,46.93058395385742
Liberia,47.40438461303711
Liberia,48.11765670776367
Liberia,48.969058990478516
Liberia,49.704978942871094
Liberia,50.083290100097656
Liberia,48.47993469238281
Liberia,46.6307373046875
Liberia,47.02737808227539
Liberia,47.027645111083984
Liberia,48.10185241699219
Libya,48.0783805847168
Libya,48.099449157714844
Libya,48.063941955566406
Libya,48.082969665527344
Libya,47.020057678222656
Libya,48.73687744140625
Libya,48.21955490112305
Libya,45.87128829956055
Libya,46.06370544433594
Libya,45.81744384765625
Libya,45.54219055175781
Lithuania,59.39845657348633
Lithuania,59.81199645996094
Lithuania,59.0256462097168
Lithuania,59.73539733886719
Lithuania,60.44266891479492
Lithuania,60.9947509765625
Lithuania,62.18291091918945
Lithuania,62.33473205566406
Lithuania,63.39497756958008
Lithuania,63.39733123779297
Lithuania,63.691097259521484
Luxembourg,74.50432586669922
Luxembourg,74.49909973144531
Luxembourg,74.80052947998047
Luxembourg,75.4148941040039
Luxembourg,75.3758773803711
Luxembourg,74.7878646850586
Luxembourg,72.779571533203125
Luxembourg,75.57548522949219
Luxembourg,76.384552001953125
Luxembourg,76.38208770751953
Luxembourg,75.71080780029297
Madagascar,48.23874282836914
Madagascar,48.03582000732422
Madagascar,46.95077896118164
Madagascar,46.58721160888672
Madagascar,46.936439514160156
Madagascar,45.981475830078125
Madagascar,47.3881950378418
Madagascar,47.82931900024414
Madagascar,48.1904296875
Madagascar,49.00041961669922
Madagascar,49.15134048461914
Malawi,52.97714614868164
Malawi,53.1879768371582
Malawi,54.42731475830078
Malawi,54.77768325805664
Malawi,52.423744201660156
Malawi,52.953399658203125
Malawi,52.7882080078125
Malawi,51.95219039916992
Malawi,52.144142150878906
Malawi,52.1449089050293
Malawi,52.6799430847168
Malaysia,63.7105598449707
Malaysia,63.483978271484375
Malaysia,63.750736236572266
Malaysia,63.41345977783203
Malaysia,64.38856506347656
Malaysia,65.01780700683594
Malaysia,65.1927490234375
Malaysia,64.76067352294922
Malaysia,64.2809829711914
Malaysia,64.268951416015625
Malaysia,63.69084930419922
Mali,46.402000427246094
Mali,46.64681625366211
Mali,47.444847106933594
Mali,48.63896179199219
Mali,49.25086975097656
Mali,44.816017150878906
Mali,46.19636535644531
Mali,46.82001876831055
Mali,46.6528205871582
Mali,46.59718322753906
Mali,47.17367935180664
Malta,66.33697509765625
Malta,66.19586944580078
Malta,66.30388641357422
Malta,66.01472473144531
Malta,67.00105285644531
Malta,67.0368881225586
Malta,68.21470642089844
Malta,69.36634826660156
Malta,69.53438568115234
Malta,69.53675842285156
Malta,70.65648651123047
Mauritania,43.04751205444336
Mauritania,41.52215576171875
Mauritania,42.983707427978516
Mauritania,43.64458084106445
Mauritania,43.16822052001953
Mauritania,43.0106086730957
Mauritania,42.929786682128906
Mauritania,42.58341598510742
Mauritania,42.52560806274414
Mauritania,42.53963851928711
Mauritania,40.582374572753906
Mauritius,64.957763671875
Mauritius,65.20198059082031
Mauritius,65.71556091308594
Mauritius,66.08168029785156
Mauritius,65.94731140136719
Mauritius,66.35034942626953
Mauritius,66.73243713378906
Mauritius,66.47698974609375
Mauritius,66.33094024658203
Mauritius,66.3302230834961
Mauritius,65.89623260498047
Mexico,58.72098159790039
Mexico,58.45383071899414
Mexico,57.773136138916016
Mexico,58.594482421875
Mexico,58.14986801147461
Mexico,58.92029571533203
Mexico,59.109962463378906
Mexico,59.273033142089844
Mexico,58.77323913574219
Mexico,58.761573791503906
Mexico,59.971458435058594
Mongolia,55.074546813964844
Mongolia,54.49551773071289
Mongolia,54.66006088256836
Mongolia,55.50529098510742
Mongolia,56.422386169433594
Mongolia,56.86363220214844
Mongolia,57.479496002197266
Mongolia,57.66766357421875
Mongolia,57.8914680480957
Mongolia,57.894718170166016
Mongolia,58.6511116027832
Moldova,51.895469665527344
Moldova,51.936580657958984
Moldova,51.680763244628906
Moldova,53.23250198364258
Moldova,53.607242584228516
Moldova,53.41958236694336
Moldova,54.6779899597168
Moldova,54.48917007446289
Moldova,54.64173889160156
Moldova,54.6457633972168
Moldova,54.611724853515625
Montenegro,56.88359451293945
Montenegro,57.56550598144531
Montenegro,58.280853271484375
Montenegro,58.94976043701172
Montenegro,58.55492401123047
Montenegro,58.14627456665039
Montenegro,59.712669372558594
Montenegro,59.82734298706055
Montenegro,59.7107048034668
Montenegro,59.70936965942383
Montenegro,59.03984832763672
Morocco,51.72066879272461
Morocco,51.83628463745117
Morocco,52.41108322143555
Morocco,52.77919006347656
Morocco,52.896827697753906
Morocco,53.06587219238281
Morocco,52.69867706298828
Morocco,53.088993072509766
Morocco,53.63869857788086
Morocco,53.70508575439453
Morocco,54.64942932128906
Mozambique,49.01310729980469
Mozambique,48.6358528137207
Mozambique,48.456207275390625
Mozambique,49.081478118896484
Mozambique,49.32421112060547
Mozambique,49.44001007080078
Mozambique,49.4722785949707
Mozambique,49.67726516723633
Mozambique,49.51852035522461
Mozambique,49.44856643676758
Mozambique,49.478233337402344
Oman,57.82227325439453
Oman,58.165916442871094
Oman,58.699737548828125
Oman,58.62604904174805
Oman,58.921749114990234
Oman,58.91777038574219
Oman,59.012176513671875
Oman,58.63801574707031
Oman,58.34156036376953
Oman,58.34244155883789
Oman,58.06288146972656
Namibia,57.38486099243164
Namibia,57.12837600708008
Namibia,57.823001861572266
Namibia,58.54796600341797
Namibia,58.67303466796875
Namibia,58.594669342041016
Namibia,58.77214050292969
Namibia,58.08049392700195
Namibia,58.441253662109375
Namibia,58.44710159301758
Namibia,58.640438079833984
Nepal,51.10428237915039
Nepal,52.67080307006836
Nepal,51.36460876464844
Nepal,51.99439239501953
Nepal,51.62175369262695
Nepal,52.91544723510742
Nepal,54.71692657470703
Nepal,54.73374557495117
Nepal,54.997005462646484
Nepal,55.06047439575195
Nepal,56.18181228637695
Netherlands,77.22569274902344
Netherlands,77.208038330078125
Netherlands,77.520355224609375
Netherlands,78.02643585205078
Netherlands,77.97466278076172
Netherlands,77.602874755859375
Netherlands,77.59769439697266
Netherlands,77.38265228271484
Netherlands,77.1916732788086
Netherlands,77.188873291015625
Netherlands,77.3333969116211
New Zealand,77.942047119140625
New Zealand,77.3994369506836
New Zealand,77.61927032470703
New Zealand,77.83819580078125
New Zealand,78.02828216552734
New Zealand,77.9710464477539
New Zealand,78.67769622802734
New Zealand,78.7568359375
New Zealand,79.1199722290039
New Zealand,79.11722564697266
New Zealand,78.56890869140625
Nicaragua,57.21535110473633
Nicaragua,56.79453659057617
Nicaragua,56.11324691772461
Nicaragua,56.26893615722656
Nicaragua,56.542144775390625
Nicaragua,58.14399719238281
Nicaragua,59.14487075805664
Nicaragua,58.69523620605469
Nicaragua,58.44196701049805
Nicaragua,58.40327835083008
Nicaragua,56.943843841552734
Niger,42.625083923339844
Niger,42.613887786865234
Niger,43.650943756103516
Niger,43.63945007324219
Niger,46.38357925415039
Niger,45.31815719604492
Niger,45.066802978515625
Niger,44.77882766723633
Niger,45.6534423828125
Niger,45.7281379699707
Niger,44.688262939453125
Nigeria,48.4092903137207
Nigeria,47.77128601074219
Nigeria,45.73198699951172
Nigeria,47.113765716552734
Nigeria,47.67742156982422
Nigeria,47.40302276611328
Nigeria,46.17656707763672
Nigeria,45.82289505004883
Nigeria,46.59705352783203
Nigeria,46.546348571777344
Nigeria,48.202423095703125
Norway,76.70850372314453
Norway,76.77474212646484
Norway,77.36827087402344
Norway,77.54255676269531
Norway,76.95011901855469
Norway,77.60936737060547
Norway,77.63995361328125
Norway,78.28752899169922
Norway,78.35102081298828
Norway,78.44183349609375
Norway,79.8532485961914
Pakistan,42.382781982421875
Pakistan,42.03579330444336
Pakistan,41.922733306884766
Pakistan,43.49397659301758
Pakistan,43.08201599121094
Pakistan,43.60416793823242
Pakistan,44.72681427001953
Pakistan,43.65830612182617
Pakistan,44.79109191894531
Pakistan,44.7876091003418
Pakistan,45.522705078125
Panama,62.38970184326172
Panama,62.58163833618164
Panama,63.56633758544922
Panama,63.85457229614258
Panama,64.20148468017578
Panama,64.2244644165039
Panama,64.2096939086914
Panama,64.27630615234375
Panama,64.1857681274414
Panama,64.18547058105469
Panama,64.18829345703125
Paraguay,55.31608581542969
Paraguay,55.66255187988281
Paraguay,56.61499786376953
Paraguay,57.49610900878906
Paraguay,58.61408615112305
Paraguay,59.45695877075195
Paraguay,58.35963821411133
Paraguay,57.67008590698242
Paraguay,58.05590057373047
Paraguay,58.01948547363281
Paraguay,58.640743255615234
Peru,56.71360397338867
Peru,56.821964263916016
Peru,57.21290969848633
Peru,58.059349060058594
Peru,58.3463020324707
Peru,58.31269836425781
Peru,58.20927429199219
Peru,58.41802978515625
Peru,58.89002227783203
Peru,58.86781692504883
Peru,60.02577209472656
Philippines,55.52739334106445
Philippines,56.27510070800781
Philippines,55.98609161376953
Philippines,56.35234451293945
Philippines,57.06128692626953
Philippines,58.427490234375
Philippines,59.1889533996582
Philippines,59.180328369140625
Philippines,59.375492095947266
Philippines,59.352909088134766
Philippines,59.32555389404297
Poland,62.39451599121094
Poland,62.86105728149414
Poland,63.640724182128906
Poland,65.65092468261719
Poland,64.79390716552734
Poland,65.28369140625
Poland,64.890289306640625
Poland,66.32426452636719
Poland,65.79534149169922
Poland,65.79417419433594
Poland,66.079742431640625
Portugal,67.05632781982422
Portugal,66.94721221923828
Portugal,66.97331237792969
Portugal,67.497344970703125
Portugal,67.86274719238281
Portugal,67.89202880859375
Portugal,68.26556396484375
Portugal,68.82771301269531
Portugal,68.59632110595703
Portugal,68.59404754638672
Portugal,69.54728698730469
Qatar,60.7629280090332
Qatar,60.8222541809082
Qatar,61.62916946411133
Qatar,61.61121368408203
Qatar,62.2399787902832
Qatar,62.94625473022461
Qatar,63.30154037475586
Qatar,62.909305572509766
Qatar,62.636627197265625
Qatar,62.6295051574707
Qatar,61.99990463256836
Romania,58.537010192871094
Romania,58.751983642578125
Romania,58.703006744384766
Romania,57.93914794921875
Romania,58.127288818359375
Romania,58.81101608276367
Romania,59.07704162597656
Romania,60.38153839111328
Romania,61.52825927734375
Romania,61.52577209472656
Romania,62.05400848388672
Russia,51.24698257446289
Russia,51.727474212646484
Russia,51.426631927490234
Russia,52.47478485107422
Russia,52.17287826538086
Russia,51.895774841308594
Russia,52.64263916015625
Russia,54.322113037109375
Russia,54.54396438598633
Russia,54.557861328125
Russia,54.2808723449707
Rwanda,51.33174133300781
Rwanda,51.765380859375
Rwanda,53.72998046875
Rwanda,54.00699996948242
Rwanda,54.441566467285156
Rwanda,55.003517150878906
Rwanda,56.154197692871094
Rwanda,56.51419448852539
Rwanda,55.98744583129883
Rwanda,55.99888229370117
Rwanda,56.49750518798828
Saudi Arabia,54.15301513671875
Saudi Arabia,53.54471206665039
Saudi Arabia,54.08725357055664
Saudi Arabia,55.09539031982422
Saudi Arabia,54.79844665527344
Saudi Arabia,55.734352111816406
Saudi Arabia,56.269386291503906
Saudi Arabia,56.264244079589844
Saudi Arabia,56.88554382324219
Saudi Arabia,56.84864044189453
Saudi Arabia,57.51481628417969
Senegal,50.814815521240234
Senegal,49.93647384643555
Senegal,48.85124588012695
Senegal,50.87211608886719
Senegal,49.26604080200195
Senegal,51.203922271728516
Senegal,52.0073127746582
Senegal,53.55636215209961
Senegal,52.68235778808594
Senegal,52.70499038696289
Senegal,53.203365325927734
Serbia,56.20668411254883
Serbia,56.42715835571289
Serbia,56.871238708496094
Serbia,57.22777557373047
Serbia,56.839969635009766
Serbia,57.335052490234375
Serbia,57.99321746826172
Serbia,58.47329330444336
Serbia,58.44363021850586
Serbia,58.448299407958984
Serbia,60.19920349121094
Sierra Leone,47.91199493408203
Sierra Leone,47.07448959350586
Sierra Leone,48.15707778930664
Sierra Leone,47.58592987060547
Sierra Leone,48.52658462524414
Sierra Leone,49.02347946166992
Sierra Leone,48.017086029052734
Sierra Leone,49.30189895629883
Sierra Leone,48.89718246459961
Sierra Leone,48.897918701171875
Sierra Leone,49.078582763671875
Singapore,72.37415313720703
Singapore,71.5291519165039
Singapore,71.85359954833984
Singapore,72.53446197509766
Singapore,71.89076232910156
Singapore,72.27748107910156
Singapore,72.19480895996094
Singapore,72.38024139404297
Singapore,72.719024658203125
Singapore,72.7159423828125
Singapore,73.53141021728516
Slovakia,64.25123596191406
Slovakia,64.5514907836914
Slovakia,64.38719940185547
Slovakia,65.00150299072266
Slovakia,65.00852966308594
Slovakia,64.45628356933594
Slovakia,64.48265838623047
Slovakia,65.10887145996094
Slovakia,64.921356201171875
Slovakia,64.92975616455078
Slovakia,65.49812316894531
Vietnam,55.36137771606445
Vietnam,56.252220153808594
Vietnam,55.13565444946289
Vietnam,55.03695297241211
Vietnam,54.76254653930664
Vietnam,54.85335159301758
Vietnam,56.63601303100586
Vietnam,57.4882926940918
Vietnam,57.93729019165039
Vietnam,57.93866729736328
Vietnam,57.521690368652344
Slovenia,67.80565643310547
Slovenia,68.69307708740234
Slovenia,68.70288848876953
Slovenia,71.04161834716797
Slovenia,70.39747619628906
Slovenia,70.763458251953125
Slovenia,70.63264465332031
Slovenia,70.70021057128906
Slovenia,71.006439208984375
Slovenia,71.00318908691406
Slovenia,71.30810546875
South Africa,59.77289962768555
South Africa,59.45871353149414
South Africa,59.649478912353516
South Africa,60.29438781738281
South Africa,60.608238220214844
South Africa,60.08032989501953
South Africa,60.69657897949219
South Africa,61.2293815612793
South Africa,61.83278274536133
South Africa,61.78289794921875
South Africa,61.10660934448242
Zimbabwe,43.19270324707031
Zimbabwe,41.86835479736328
Zimbabwe,43.63756561279297
Zimbabwe,46.37158966064453
Zimbabwe,48.60491943359375
Zimbabwe,48.87373733520508
Zimbabwe,50.07645797729492
Zimbabwe,49.47100067138672
Zimbabwe,50.04780960083008
Zimbabwe,50.049800872802734
Zimbabwe,50.36874008178711
Spain,70.8417739868164
Spain,70.95446014404297
Spain,70.02299499511719
Spain,71.29097747802734
Spain,71.21184539794922
Spain,71.3311767578125
Spain,70.3704833984375
Spain,70.69232177734375
Spain,70.793426513671875
Spain,70.79094696044922
Spain,71.42467498779297
Sudan,42.973697662353516
Sudan,42.8237190246582
Sudan,42.874088287353516
Sudan,42.66145324707031
Sudan,41.48077392578125
Sudan,40.21331787109375
Sudan,40.33421325683594
Sudan,38.74563217163086
Sudan,38.431922912597656
Sudan,38.4136848449707
Sudan,38.391361236572266
Suriname,59.32462692260742
Suriname,59.747802734375
Suriname,59.85807800292969
Suriname,60.31352233886719
Suriname,59.98525619506836
Suriname,60.278987884521484
Suriname,60.38967514038086
Suriname,60.24650192260742
Suriname,59.97132873535156
Suriname,60.7943229675293
Suriname,61.28561019897461
Swaziland,47.493526458740234
Swaziland,47.55792236328125
Swaziland,47.583370208740234
Swaziland,47.96887969970703
Swaziland,47.72380065917969
Swaziland,47.76667022705078
Swaziland,48.24320602416992
Swaziland,48.194881439208984
Swaziland,48.262428283691406
Swaziland,48.26795196533203
Swaziland,48.134464263916016
Sweden,76.618743896484375
Sweden,76.885498046875
Sweden,77.48341369628906
Sweden,78.411102294921875
Sweden,78.23506164550781
Sweden,78.0827407836914
Sweden,77.35796356201172
Sweden,77.34436798095703
Sweden,77.16146087646484
Sweden,77.16035461425781
Sweden,77.59187316894531
Switzerland,76.1021499633789
Switzerland,76.53716278076172
Switzerland,76.53382110595703
Switzerland,76.78968048095703
Switzerland,76.8609848022461
Switzerland,77.7835922241211
Switzerland,77.60257720947266
Switzerland,77.7082748413086
Switzerland,77.87250518798828
Switzerland,77.87049102783203
Switzerland,77.637237548828125
Tajikistan,50.52708435058594
Tajikistan,50.968101501464844
Tajikistan,51.04482650756836
Tajikistan,51.739219665527344
Tajikistan,53.052978515625
Tajikistan,52.788658142089844
Tajikistan,52.73826599121094
Tajikistan,53.42070770263672
Tajikistan,53.98027038574219
Tajikistan,53.96969985961914
Tajikistan,53.9931526184082
Thailand,59.52423858642578
Thailand,59.545475006103516
Thailand,59.942745208740234
Thailand,60.36284255981445
Thailand,60.765769958496094
Thailand,60.74905776977539
Thailand,60.048095703125
Thailand,59.197975158691406
Thailand,59.24858474731445
Thailand,59.14995574951172
Thailand,58.90610122680664
Togo,40.5783576965332
Togo,40.40872573852539
Togo,40.98847198486328
Togo,42.23158645629883
Togo,44.78797149658203
Togo,45.07956314086914
Togo,45.6699333190918
Togo,47.26674270629883
Togo,48.77885437011719
Togo,48.778621673583984
Togo,48.50313949584961
Trinidad and Tobago,60.652015686035156
Trinidad and Tobago,60.26786422729492
Trinidad and Tobago,60.79788589477539
Trinidad and Tobago,61.29981994628906
Trinidad and Tobago,63.31758499145508
Trinidad and Tobago,63.44089889526367
Trinidad and Tobago,62.88443374633789
Trinidad and Tobago,62.96672821044922
Trinidad and Tobago,62.813961029052734
Trinidad and Tobago,62.81255340576172
Trinidad and Tobago,62.443241119384766
United Arab Emirates,61.10175323486328
United Arab Emirates,61.65830612182617
United Arab Emirates,61.97849655151367
United Arab Emirates,62.55636978149414
United Arab Emirates,62.52997970581055
United Arab Emirates,62.880924224853516
United Arab Emirates,63.77449035644531
United Arab Emirates,64.094635009765625
United Arab Emirates,63.98328399658203
United Arab Emirates,63.964683532714844
United Arab Emirates,64.3638687133789
Tunisia,56.78412628173828
Tunisia,56.94773864746094
Tunisia,56.93212127685547
Tunisia,57.31132888793945
Tunisia,55.79084777832031
Tunisia,54.637359619140625
Tunisia,55.5880241394043
Tunisia,54.5449104309082
Tunisia,55.24184799194336
Tunisia,55.19883728027344
Tunisia,55.2055549621582
Turkey,55.95212173461914
Turkey,55.03121566772461
Turkey,55.1053581237793
Turkey,56.488731384277344
Turkey,56.572811126708984
Turkey,56.94267272949219
Turkey,57.03788375854492
Turkey,57.81953430175781
Turkey,57.47947692871094
Turkey,57.47178268432617
Turkey,56.27812194824219
Uganda,49.59431076049805
Uganda,48.296424865722656
Uganda,49.336647033691406
Uganda,50.14900588989258
Uganda,50.41393280029297
Uganda,50.36189651489258
Uganda,50.81218338012695
Uganda,49.383609771728516
Uganda,50.67052459716797
Uganda,50.60444259643555
Uganda,50.930213928222656
Ukraine,52.52448654174805
Ukraine,52.85514450073242
Ukraine,51.86577606201172
Ukraine,52.55976867675781
Ukraine,53.03723907470703
Ukraine,53.38483810424805
Ukraine,53.92916488647461
Ukraine,53.37915802001953
Ukraine,52.58823013305664
Ukraine,52.444400787353516
Ukraine,51.751251220703125
Macedonia,56.19585037231445
Macedonia,57.288230895996094
Macedonia,57.770320892333984
Macedonia,57.8721809387207
Macedonia,58.17329788208008
Macedonia,57.96731948852539
Macedonia,60.69411849975586
Macedonia,61.405067443847656
Macedonia,60.3889045715332
Macedonia,60.388423919677734
Macedonia,60.3076171875
Egypt,48.94420623779297
Egypt,49.69190216064453
Egypt,50.77027893066406
Egypt,50.03307342529297
Egypt,49.45909118652344
Egypt,49.465885162353516
Egypt,47.37778854370117
Egypt,48.63867950439453
Egypt,50.353328704833984
Egypt,50.31007385253906
Egypt,49.99163055419922
United Kingdom,75.28907012939453
United Kingdom,74.66312408447266
United Kingdom,75.12290954589844
United Kingdom,75.77003479003906
United Kingdom,76.2586669921875
United Kingdom,76.29188537597656
United Kingdom,76.73131561279297
United Kingdom,76.56837463378906
United Kingdom,76.95622253417969
United Kingdom,76.96891784667969
United Kingdom,76.92231750488281
Tanzania,51.95338439941406
Tanzania,51.16781234741211
Tanzania,52.373226165771484
Tanzania,52.059879302978516
Tanzania,53.0849494934082
Tanzania,51.614967346191406
Tanzania,50.983402252197266
Tanzania,50.6927604675293
Tanzania,52.0831413269043
Tanzania,52.044654846191406
Tanzania,53.58835983276367
United States,73.29976654052734
United States,73.998992919921875
United States,73.12867736816406
United States,72.938262939453125
United States,72.53053283691406
United States,72.4935073852539
United States,72.83065032958984
United States,73.191680908203125
United States,73.4184341430664
United States,73.35089874267578
United States,72.83454132080078
Burkina Faso,48.5731315612793
Burkina Faso,48.94603729248047
Burkina Faso,49.527122497558594
Burkina Faso,50.16962432861328
Burkina Faso,51.222652435302734
Burkina Faso,51.92013931274414
Burkina Faso,51.83527755737305
Burkina Faso,51.473445892333984
Burkina Faso,51.869651794433594
Burkina Faso,51.86872482299805
Burkina Faso,51.74882125854492
Uruguay,64.307403564453125
Uruguay,64.83526611328125
Uruguay,65.82383728027344
Uruguay,65.71577453613281
Uruguay,66.79291534423828
Uruguay,67.28607177734375
Uruguay,66.95060729980469
Uruguay,67.504241943359375
Uruguay,67.8264389038086
Uruguay,67.82745361328125
Uruguay,67.4046401977539
Venezuela,54.30167770385742
Venezuela,52.638221740722656
Venezuela,52.4398307800293
Venezuela,52.77230453491211
Venezuela,52.82255554199219
Venezuela,53.108001708984375
Venezuela,51.159942626953125
Venezuela,50.207862854003906
Venezuela,49.54283905029297
Venezuela,49.53066635131836
Venezuela,47.87036895751953
Yemen,39.89137268066406
Yemen,39.94291687011719
Yemen,39.702247619628906
Yemen,39.83470153808594
Yemen,38.077335357666016
Yemen,39.114662170410156
Yemen,39.0702018737793
Yemen,38.74795150756836
Yemen,37.29622268676758
Yemen,36.82373809814453
Yemen,36.35679244995117
Zambia,49.77444839477539
Zambia,51.43052673339844
Zambia,51.01106262207031
Zambia,51.20741271972656
Zambia,52.721641540527344
Zambia,52.421390533447266
Zambia,52.7802734375
Zambia,52.35811233520508
Zambia,52.428958892822266
Zambia,52.42931365966797
Zambia,53.90730667114258
